{
  "todos": {
    "Coordinator": {
      "1": {
        "id": "1",
        "content": "Research and analyze modern AI architecture patterns",
        "details": "Study transformer architectures, LLM frameworks, multi-agent systems, and modern AI system design patterns. Focus on components like attention mechanisms, tokenization, and inference optimization.",
        "status": "completed",
        "priority": "high"
      },
      "2": {
        "id": "2",
        "content": "Design AI system architecture",
        "details": "Create architectural blueprints for: 1) Core LLM components (embedding, attention, feedforward), 2) Multi-agent coordination system, 3) Task orchestration and planning modules, 4) Memory and context management systems.",
        "status": "completed",
        "priority": "high"
      },
      "3": {
        "id": "3",
        "content": "Implement core AI building blocks",
        "details": "Code practical implementations of: 1) Transformer components (attention mechanisms, positional encoding), 2) Tokenization systems, 3) Basic neural network layers, 4) Simple inference engine.",
        "status": "completed",
        "priority": "high"
      },
      "4": {
        "id": "4",
        "content": "Build multi-agent coordination framework",
        "details": "Implement system for: 1) Agent communication protocols, 2) Task delegation and routing, 3) Collaborative reasoning, 4) Result synthesis and coordination.",
        "status": "completed",
        "priority": "medium"
      },
      "5": {
        "id": "5",
        "content": "Create training and fine-tuning utilities",
        "details": "Develop code for: 1) Model training pipelines, 2) Fine-tuning mechanisms, 3) RLHF-style preference learning, 4) Evaluation and benchmarking tools.",
        "status": "completed",
        "priority": "medium"
      },
      "6": {
        "id": "6",
        "content": "Implement inference and deployment system",
        "details": "Build: 1) Optimized inference engine, 2) API serving layer, 3) Model management system, 4) Scalable deployment architecture with caching and optimization.",
        "status": "completed",
        "priority": "medium"
      },
      "7": {
        "id": "7",
        "content": "Create comprehensive documentation and examples",
        "details": "Generate: 1) Technical documentation explaining each component, 2) Usage examples and tutorials, 3) Performance benchmarks, 4) Deployment guides and best practices.",
        "status": "completed",
        "priority": "low"
      }
    }
  }
}