{
  "deployment_config": {
    "cloud_provider": "gcp",
    "region": "us-central1",
    "namespace": "ai-inference-prod",
    "deployment_strategy": "blue_green",
    "multi_region": true
  },
  "generated_files": [
    "docker-compose.yml",
    "docker/Dockerfile",
    "k8s/namespace.yaml",
    "k8s/configmap.yaml",
    "k8s/ai-inference-service-deployment.yaml",
    "k8s/ai-inference-service-service.yaml",
    "k8s/ai-inference-service-hpa.yaml",
    "k8s/ai-inference-service-vpa.yaml",
    "k8s/ai-inference-service-prometheus-rules.yaml",
    "k8s/ai-inference-service-istio-vs.yaml",
    "k8s/ai-model-registry-deployment.yaml",
    "k8s/ai-model-registry-service.yaml",
    "k8s/ai-model-registry-hpa.yaml",
    "k8s/ai-model-registry-vpa.yaml",
    "k8s/ai-model-registry-prometheus-rules.yaml",
    "k8s/ai-model-registry-istio-vs.yaml",
    "k8s/ai-orchestrator-deployment.yaml",
    "k8s/ai-orchestrator-service.yaml",
    "k8s/ai-orchestrator-hpa.yaml",
    "k8s/ai-orchestrator-vpa.yaml",
    "k8s/ai-orchestrator-prometheus-rules.yaml",
    "k8s/ai-orchestrator-istio-vs.yaml",
    "k8s/ingress.yaml",
    "infrastructure/terraform/gcp/main.tf",
    "infrastructure/terraform/gcp/variables.tf",
    "monitoring/prometheus.yml",
    "monitoring/alertmanager.yml",
    "monitoring/jaeger.yml",
    "k8s/multi-region-config.yaml",
    "k8s/ai-inference-service-global-traffic.yaml",
    "k8s/ai-model-registry-global-traffic.yaml",
    "k8s/ai-orchestrator-global-traffic.yaml",
    "deployment-config.yaml"
  ],
  "services": [
    {
      "name": "ai-inference-service",
      "replicas": 3,
      "port": 8080,
      "cpu_limit": "4000m",
      "memory_limit": "8Gi",
      "gpu_count": 1,
      "accelerator": "nvidia-tesla-v100",
      "registry": "gcr.io/ai-inference"
    },
    {
      "name": "ai-model-registry",
      "replicas": 1,
      "port": 8081,
      "cpu_limit": "2000m",
      "memory_limit": "4Gi",
      "accelerator": "none",
      "registry": "gcr.io/ai-inference"
    },
    {
      "name": "ai-orchestrator",
      "replicas": 2,
      "port": 8082,
      "cpu_limit": "2000m",
      "memory_limit": "4Gi",
      "accelerator": "none",
      "registry": "gcr.io/ai-inference"
    }
  ],
  "infrastructure": {
    "container_orchestration": "Kubernetes with Docker",
    "load_balancing": "NGINX Ingress / Istio Service Mesh",
    "auto_scaling": "HPA + VPA + Cluster Autoscaler",
    "monitoring": "Prometheus + Grafana + Jaeger",
    "ci_cd": "GitHub Actions + Argo Workflows",
    "infrastructure_as_code": "Terraform"
  }
}